"Text","Date","Time","Draft","Pinterest","Picture Url 1","Pinterest Board","Pinterest Pin Title","Pinterest Pin Link"
"Cada ficha del pack identifica el fonema, la posición articulatoria y el silabario. El material de logopedia se completa con instrucciones para el adulto y un registro para anotar la práctica y las observaciones.","2026-09-28","10:00:00","TRUE","TRUE","https://www.espaciolenguaje.com/pinterest/pin-fichas-articulacion-3.png?v=2","Fichas de logopedia para imprimir","Fichas de articulación con guía para adultos","https://www.espaciolenguaje.com/recursos/fichas-articulacion?utm_source=pinterest&utm_medium=social&utm_campaign=pin-fichas-articulacion"
"El cuaderno de estimulación de 0 a 3 años organiza veinte actividades por etapas. Cada propuesta incluye materiales e instrucciones, para que puedas mirar cómo se plantea el juego antes de elegir el recurso.","2026-09-29","19:00:00","TRUE","TRUE","https://www.espaciolenguaje.com/pinterest/pin-cuaderno-0-3-3.png?v=2","Actividades de lenguaje 0-3 años","Actividades de lenguaje de 0–3 años","https://www.espaciolenguaje.com/recursos/cuaderno-0-3?utm_source=pinterest&utm_medium=social&utm_campaign=pin-cuaderno-0-3"
"Para familias que buscan actividades de lenguaje de 3 a 6 años: este cuaderno reúne veinte propuestas con variaciones de dificultad. Abarca conciencia fonológica, vocabulario, narrativa, articulación y comprensión.","2026-09-30","10:00:00","TRUE","TRUE","https://www.espaciolenguaje.com/pinterest/pin-cuaderno-3-6-3.png?v=2","Actividades de lenguaje 3-6 años","Lenguaje de 3–6 años, paso a paso","https://www.espaciolenguaje.com/recursos/cuaderno-3-6?utm_source=pinterest&utm_medium=social&utm_campaign=pin-cuaderno-3-6"
"La R fuerte aparece en palabras y conversaciones, no solo como sonido aislado. Esta guía de ejercicios para la RR organiza distintos niveles de práctica e incluye frases y trabalenguas en su recorrido.","2026-10-01","19:00:00","TRUE","TRUE","https://www.espaciolenguaje.com/pinterest/pin-ejercicios-para-la-r-fuerte-3.png?v=2","Ejercicios de pronunciación (R, S y más)","RR: palabras, frases y trabalenguas","https://www.espaciolenguaje.com/blog/ejercicios-para-la-r-fuerte?utm_source=pinterest&utm_medium=social&utm_campaign=pin-ejercicios-para-la-r-fuerte"
"Un recurso de dislexia en edad escolar con ejercicios para casa, adaptaciones escolares e información para acompañar a la familia. La página de la guía detalla el contenido y muestra qué recibirás en el PDF.","2026-10-02","10:00:00","TRUE","TRUE","https://www.espaciolenguaje.com/pinterest/pin-guia-dislexia-2.png?v=2","Dislexia y tartamudez: guía para familias","Dislexia: recursos para casa y escuela","https://www.espaciolenguaje.com/recursos/guia-dislexia?utm_source=pinterest&utm_medium=social&utm_campaign=pin-guia-dislexia"
"No todas las fichas de logopedia trabajan lo mismo. El artículo distingue articulación, vocabulario, conciencia fonológica, soplo y comprensión, con fuentes de descarga y una muestra gratuita del fonema R.","2026-10-05","19:00:00","TRUE","TRUE","https://www.espaciolenguaje.com/pinterest/pin-fichas-logopedia-gratis-imprimir-8.png?v=2","Fichas de logopedia para imprimir","Fichas de logopedia: elige por área","https://www.espaciolenguaje.com/blog/fichas-logopedia-gratis-imprimir?utm_source=pinterest&utm_medium=social&utm_campaign=pin-fichas-logopedia-gratis-imprimir"
"Lectura compartida, expansión y juegos de categorías aparecen en esta guía de vocabulario infantil. Explica la diferencia entre comprensión y expresión, con ocho técnicas para ampliar las conversaciones cotidianas.","2026-10-06","10:00:00","TRUE","TRUE","https://www.espaciolenguaje.com/pinterest/pin-vocabulario-ninos-como-ampliar-1.png?v=2","Actividades de lenguaje 3-6 años","Vocabulario: libros, conversación y juegos","https://www.espaciolenguaje.com/blog/vocabulario-ninos-como-ampliar?utm_source=pinterest&utm_medium=social&utm_campaign=pin-vocabulario-ninos-como-ampliar"
"Rimas, sílabas y sonidos tienen su lugar en la conciencia fonológica. Esta guía explica sus niveles y reúne diez actividades para casa, como los cazadores de rimas, con orientación por edades.","2026-10-07","19:00:00","TRUE","TRUE","https://www.espaciolenguaje.com/pinterest/pin-conciencia-fonologica-actividades-2.png?v=2","Actividades de lenguaje 3-6 años","Conciencia fonológica para jugar en casa","https://www.espaciolenguaje.com/blog/conciencia-fonologica-actividades?utm_source=pinterest&utm_medium=social&utm_campaign=pin-conciencia-fonologica-actividades"
"Cuando un niño no pronuncia la S, no todos los errores son iguales. El artículo explica qué es el sigmatismo, sus tipos y causas frecuentes, además de las edades orientativas de adquisición del fonema.","2026-10-08","10:00:00","TRUE","TRUE","https://www.espaciolenguaje.com/pinterest/pin-mi-hijo-no-pronuncia-la-s-2.png?v=2","Ejercicios de pronunciación (R, S y más)","La S y el sigmatismo infantil","https://www.espaciolenguaje.com/blog/mi-hijo-no-pronuncia-la-s?utm_source=pinterest&utm_medium=social&utm_campaign=pin-mi-hijo-no-pronuncia-la-s"
"Si las interrupciones del habla te preocupan, esta guía de tartamudez infantil explica qué observar y qué evitar al acompañar. Encontrarás información sobre disfluencias evolutivas y cuándo pedir ayuda profesional.","2026-10-09","19:00:00","TRUE","TRUE","https://www.espaciolenguaje.com/pinterest/pin-tartamudez-infantil-cuando-preocuparse-2.png?v=2","Dislexia y tartamudez: guía para familias","Tartamudez: escuchar y acompañar","https://www.espaciolenguaje.com/blog/tartamudez-infantil-cuando-preocuparse?utm_source=pinterest&utm_medium=social&utm_campaign=pin-tartamudez-infantil-cuando-preocuparse"
"El Pack Completo reúne fichas de articulación, dos cuadernos por edad, ejercicios de soplo y calendario semanal. La página detalla los PDF incluidos para que puedas valorar el material antes de comprarlo.","2026-10-12","10:00:00","TRUE","TRUE","https://www.espaciolenguaje.com/pinterest/pin-pack-completo-3.png?v=2","Fichas de logopedia para imprimir","Materiales de logopedia en un solo pack","https://www.espaciolenguaje.com/recursos/pack-completo?utm_source=pinterest&utm_medium=social&utm_campaign=pin-pack-completo"
"Las primeras palabras y las primeras frases forman parte de un recorrido más amplio. La guía de hitos del lenguaje por edad explica qué ocurre en cada etapa y diferencia hablar de comunicarse.","2026-10-13","19:00:00","TRUE","TRUE","https://www.espaciolenguaje.com/pinterest/pin-a-que-edad-debe-hablar-un-nino-2.png?v=2","Actividades de lenguaje 0-3 años","De las primeras palabras a las frases","https://www.espaciolenguaje.com/blog/a-que-edad-debe-hablar-un-nino?utm_source=pinterest&utm_medium=social&utm_campaign=pin-a-que-edad-debe-hablar-un-nino"
"El cesto de los tesoros y los libros con imágenes son dos de las propuestas de esta guía de lenguaje a los 2 años. Reúne juegos para ampliar vocabulario, fomentar la expresión y trabajar la comprensión.","2026-10-14","10:00:00","TRUE","TRUE","https://www.espaciolenguaje.com/pinterest/pin-actividades-ninos-2-anos-lenguaje-3.png?v=2","Actividades de lenguaje 0-3 años","Vocabulario a los 2 años: ideas cotidianas","https://www.espaciolenguaje.com/blog/actividades-ninos-2-anos-lenguaje?utm_source=pinterest&utm_medium=social&utm_campaign=pin-actividades-ninos-2-anos-lenguaje"
"¿Buscas praxias bucofaciales para niños? Antes de escoger ejercicios, lee para qué sirven y para qué no. El artículo organiza las propuestas por zona y detalla los materiales para realizarlas con espejo.","2026-10-15","19:00:00","TRUE","TRUE","https://www.espaciolenguaje.com/pinterest/pin-praxias-bucofaciales-ninos-3.png?v=2","Ejercicios de pronunciación (R, S y más)","Praxias: usos, materiales y límites","https://www.espaciolenguaje.com/blog/praxias-bucofaciales-ninos?utm_source=pinterest&utm_medium=social&utm_campaign=pin-praxias-bucofaciales-ninos"
"Acompañar la tartamudez infantil implica a la familia y a la escuela. Esta guía incluye una sección para profesores, pautas familiares y orientación sobre cuándo consultar, además de actividades compartidas.","2026-10-16","10:00:00","TRUE","TRUE","https://www.espaciolenguaje.com/pinterest/pin-guia-tartamudez-3.png?v=2","Dislexia y tartamudez: guía para familias","Tartamudez: información también para profesores","https://www.espaciolenguaje.com/recursos/guia-tartamudez?utm_source=pinterest&utm_medium=social&utm_campaign=pin-guia-tartamudez"
"Vocabulario, articulación y comprensión: esta selección reúne diferentes tipos de fichas de logopedia para imprimir. Revisa las fuentes de material para el aula y accede a la muestra gratuita del fonema R.","2026-10-19","19:00:00","TRUE","TRUE","https://www.espaciolenguaje.com/pinterest/pin-fichas-logopedia-gratis-imprimir-9.png?v=2","Material para logopedas y maestros","Fichas imprimibles para maestros y logopedas","https://www.espaciolenguaje.com/blog/fichas-logopedia-gratis-imprimir?utm_source=pinterest&utm_medium=social&utm_campaign=pin-fichas-logopedia-gratis-imprimir"
"El desarrollo del lenguaje comienza antes de las primeras palabras. La guía de etapas de 0 a 6 años recorre vocalizaciones, balbuceo y lenguaje posterior, con una tabla de comprensión y expresión por edad.","2026-10-20","10:00:00","TRUE","TRUE","https://www.espaciolenguaje.com/pinterest/pin-etapas-desarrollo-del-lenguaje-2.png?v=2","Actividades de lenguaje 0-3 años","Primeros sonidos y primeras palabras","https://www.espaciolenguaje.com/blog/etapas-desarrollo-del-lenguaje?utm_source=pinterest&utm_medium=social&utm_campaign=pin-etapas-desarrollo-del-lenguaje"
"Los juegos para estimular el habla pueden partir de lo que ya hay en casa. Esta selección incluye veo veo, canciones con gestos y cuentacuentos, con explicaciones para compartir la actividad con tu peque.","2026-10-21","19:00:00","TRUE","TRUE","https://www.espaciolenguaje.com/pinterest/pin-juegos-para-estimular-el-habla-2.png?v=2","Actividades de lenguaje 3-6 años","Veo veo, canciones y cuentos","https://www.espaciolenguaje.com/blog/juegos-para-estimular-el-habla?utm_source=pinterest&utm_medium=social&utm_campaign=pin-juegos-para-estimular-el-habla"
"El kit de soplo reúne quince ejercicios progresivos con materiales caseros y una tabla de seguimiento. Está planteado como juego de control respiratorio y consciencia oral, no como mejora de la articulación.","2026-10-22","10:00:00","TRUE","TRUE","https://www.espaciolenguaje.com/pinterest/pin-kit-soplo-3.png?v=2","Ejercicios de pronunciación (R, S y más)","Soplo: propuestas y registro de práctica","https://www.espaciolenguaje.com/recursos/kit-soplo?utm_source=pinterest&utm_medium=social&utm_campaign=pin-kit-soplo"
"Para entender la dislexia en niños hace falta ir más allá de los mitos. El artículo explica sus características y señales según la edad, con orientación para familias que se plantean una valoración profesional.","2026-10-23","19:00:00","TRUE","TRUE","https://www.espaciolenguaje.com/pinterest/pin-dislexia-en-ninos-como-detectarla-3.png?v=2","Dislexia y tartamudez: guía para familias","Dislexia infantil: información por edades","https://www.espaciolenguaje.com/blog/dislexia-en-ninos-como-detectarla?utm_source=pinterest&utm_medium=social&utm_campaign=pin-dislexia-en-ninos-como-detectarla"
