Text;Date;Time;Draft;Facebook;Twitter/X;LinkedIn;GBP;Instagram;Pinterest;TikTok;Youtube;Threads;Bluesky;Picture Url 1;Picture Url 2;Picture Url 3;Picture Url 4;Picture Url 5;Picture Url 6;Picture Url 7;Picture Url 8;Picture Url 9;Picture Url 10;Alt text picture 1;Alt text picture 2;Alt text picture 3;Alt text picture 4;Alt text picture 5;Alt text picture 6;Alt text picture 7;Alt text picture 8;Alt text picture 9;Alt text picture 10;Document title;Shortener;Video Thumbnail Url;Video Cover Frame;Twitter/X Can reply;Twitter/X Type;Twitter/X Poll Duration minutes;Twitter/X Poll Option 1;Twitter/X Poll Option 2;Twitter/X Poll Option 3;Twitter/X Poll Option 4;Pinterest Board;Pinterest Pin Title;Pinterest Pin Link;Pinterest Pin New Format;Instagram Post Type;Instagram Show Reel On Feed;Instagram Trial Reel Share Automatically;Youtube Video Title;Youtube Video Type;Youtube Video Privacy;Youtube video for kids;Youtube AI generated content;Youtube notify subscribers;Youtube Video Category;Youtube Video Tags;Youtube playlist;GBP Post Type;Facebook Post Type;Facebook Title;First Comment Text;TikTok Title;TikTok disable comments;TikTok disable duet;TikTok disable stitch;TikTok Post Privacy;TikTok Branded Content;TikTok Your Brand;TikTok Auto Add Music;TikTok Photo Cover Index;TikTok musicId;TikTok music title;TikTok music author;TikTok music previewUrl;TikTok music thumbnailUrl;TikTok music soundVolume;TikTok music originalVolume;TikTok music startMillis;TikTok music endMillis;TikTok Ai generated content;LinkedIn Type;LinkedIn Poll Question;LinkedIn Poll Option 1;LinkedIn Poll Option 2;LinkedIn Poll Option 3;LinkedIn Poll Option 4;LinkedIn Poll Duration;LinkedIn Show link preview;LinkedIn Images as Carousel;Threads Reply Control;Threads Is Spoiler;Threads Post Type;Brand name
¿Buscas fichas de logopedia para imprimir? Descarga la muestra gratuita del fonema R con pictogramas y conoce otros materiales de articulación, vocabulario y comprensión para casa o el aula.;2026-09-17;10:00:00;false;false;false;false;false;false;true;false;false;false;false;https://www.espaciolenguaje.com/pinterest/pin-fichas-logopedia-gratis-imprimir-1.png?v=2;;;;;;;;;;Fichas de logopedia gratis para imprimir;;;;;;;;;;;false;;;;;;;;;;Fichas de logopedia para imprimir;Fichas de logopedia gratis para imprimir;https://www.espaciolenguaje.com/blog/fichas-logopedia-gratis-imprimir?utm_source=pinterest&utm_medium=social&utm_campaign=pin-fichas-logopedia-gratis-imprimir;false;;;;;;;;;;;;;;;;;;;;;;;;;;;;;;;;;;;;;;;;;;;;;;;;
Un vistazo por dentro al pack de 30 fichas de articulación. Incluye pictogramas, palabras por posición y silabario: material de logopedia en PDF con instrucciones para el adulto y registro de progreso.;2026-09-17;11:00:00;false;false;false;false;false;false;true;false;false;false;false;https://www.espaciolenguaje.com/pinterest/pin-fichas-articulacion-1.png?v=2;;;;;;;;;;Fichas de articulación, fonema por fonema;;;;;;;;;;;false;;;;;;;;;;Fichas de logopedia para imprimir;Fichas de articulación, fonema por fonema;https://www.espaciolenguaje.com/recursos/fichas-articulacion?utm_source=pinterest&utm_medium=social&utm_campaign=pin-fichas-articulacion;false;;;;;;;;;;;;;;;;;;;;;;;;;;;;;;;;;;;;;;;;;;;;;;;;
Para acompañar las primeras etapas del lenguaje: 20 actividades organizadas por edad, con materiales cotidianos e instrucciones paso a paso. Mira el interior del cuaderno de estimulación de 0 a 3 años.;2026-09-17;13:00:00;false;false;false;false;false;false;true;false;false;false;false;https://www.espaciolenguaje.com/pinterest/pin-cuaderno-0-3-1.png?v=2;;;;;;;;;;Cuaderno de lenguaje de 0–3 años;;;;;;;;;;;false;;;;;;;;;;Actividades de lenguaje 0-3 años;Cuaderno de lenguaje de 0–3 años;https://www.espaciolenguaje.com/recursos/cuaderno-0-3?utm_source=pinterest&utm_medium=social&utm_campaign=pin-cuaderno-0-3;false;;;;;;;;;;;;;;;;;;;;;;;;;;;;;;;;;;;;;;;;;;;;;;;;
Rimas, vocabulario, historias y comprensión en un mismo cuaderno. Son 20 actividades de lenguaje de 3 a 6 años, repartidas en cinco bloques y con variaciones por dificultad para acompañar la práctica.;2026-09-17;15:00:00;false;false;false;false;false;false;true;false;false;false;false;https://www.espaciolenguaje.com/pinterest/pin-cuaderno-3-6-1.png?v=2;;;;;;;;;;Cuaderno de lenguaje de 3–6 años;;;;;;;;;;;false;;;;;;;;;;Actividades de lenguaje 3-6 años;Cuaderno de lenguaje de 3–6 años;https://www.espaciolenguaje.com/recursos/cuaderno-3-6?utm_source=pinterest&utm_medium=social&utm_campaign=pin-cuaderno-3-6;false;;;;;;;;;;;;;;;;;;;;;;;;;;;;;;;;;;;;;;;;;;;;;;;;
Pompas, plumas y otros materiales de casa forman parte de este kit de soplo. Reúne 15 ejercicios progresivos y una tabla de seguimiento, con enfoque de control respiratorio y consciencia oral.;2026-09-17;17:00:00;false;false;false;false;false;false;true;false;false;false;false;https://www.espaciolenguaje.com/pinterest/pin-kit-soplo-1.png?v=2;;;;;;;;;;Soplo: juegos con materiales caseros;;;;;;;;;;;false;;;;;;;;;;Ejercicios de pronunciación (R, S y más);Soplo: juegos con materiales caseros;https://www.espaciolenguaje.com/recursos/kit-soplo?utm_source=pinterest&utm_medium=social&utm_campaign=pin-kit-soplo;false;;;;;;;;;;;;;;;;;;;;;;;;;;;;;;;;;;;;;;;;;;;;;;;;
Fichas de articulación, cuadernos de lenguaje de 0–3 y 3–6 años, kit de soplo y calendario semanal. Mira el material del Pack Completo de logopedia infantil y comprueba qué incluye cada recurso.;2026-09-17;19:00:00;false;false;false;false;false;false;true;false;false;false;false;https://www.espaciolenguaje.com/pinterest/pin-pack-completo-1.png?v=2;;;;;;;;;;Logopedia infantil: mira el pack por dentro;;;;;;;;;;;false;;;;;;;;;;Fichas de logopedia para imprimir;Logopedia infantil: mira el pack por dentro;https://www.espaciolenguaje.com/recursos/pack-completo?utm_source=pinterest&utm_medium=social&utm_campaign=pin-pack-completo;false;;;;;;;;;;;;;;;;;;;;;;;;;;;;;;;;;;;;;;;;;;;;;;;;
"Antes de elegir material de logopedia, mira una muestra real. La descarga gratuita reúne seis fichas del fonema R con pictogramas; el artículo también presenta recursos de vocabulario y comprensión.";2026-09-17;20:30:00;false;false;false;false;false;false;true;false;false;false;false;https://www.espaciolenguaje.com/pinterest/pin-fichas-logopedia-gratis-imprimir-2.png?v=2;;;;;;;;;;Fichas gratuitas: empieza por la muestra;;;;;;;;;;;false;;;;;;;;;;Fichas de logopedia para imprimir;Fichas gratuitas: empieza por la muestra;https://www.espaciolenguaje.com/blog/fichas-logopedia-gratis-imprimir?utm_source=pinterest&utm_medium=social&utm_campaign=pin-fichas-logopedia-gratis-imprimir;false;;;;;;;;;;;;;;;;;;;;;;;;;;;;;;;;;;;;;;;;;;;;;;;;
Así son las fichas de articulación del pack: pictogramas, palabras organizadas por posición y un silabario de práctica. Un PDF de logopedia con guía para adultos y espacio para registrar el progreso.;2026-09-17;21:30:00;false;false;false;false;false;false;true;false;false;false;false;https://www.espaciolenguaje.com/pinterest/pin-fichas-articulacion-2.png?v=2;;;;;;;;;;Articulación: pictogramas, palabras y sílabas;;;;;;;;;;;false;;;;;;;;;;Fichas de logopedia para imprimir;Articulación: pictogramas, palabras y sílabas;https://www.espaciolenguaje.com/recursos/fichas-articulacion?utm_source=pinterest&utm_medium=social&utm_campaign=pin-fichas-articulacion;false;;;;;;;;;;;;;;;;;;;;;;;;;;;;;;;;;;;;;;;;;;;;;;;;
No necesitas un armario lleno de materiales para usar este cuaderno de estimulación. Sus actividades de lenguaje de 0 a 3 años indican qué preparar, cómo acompañar el juego y cuánto dura cada propuesta.;2026-09-18;10:00:00;false;false;false;false;false;false;true;false;false;false;false;https://www.espaciolenguaje.com/pinterest/pin-cuaderno-0-3-2.png?v=2;;;;;;;;;;Primeras palabras, materiales de cada día;;;;;;;;;;;false;;;;;;;;;;Actividades de lenguaje 0-3 años;Primeras palabras, materiales de cada día;https://www.espaciolenguaje.com/recursos/cuaderno-0-3?utm_source=pinterest&utm_medium=social&utm_campaign=pin-cuaderno-0-3;false;;;;;;;;;;;;;;;;;;;;;;;;;;;;;;;;;;;;;;;;;;;;;;;;
El cuaderno de lenguaje de 3 a 6 años dedica un bloque a la conciencia fonológica y otro al vocabulario. Aquí puedes ver sus páginas de actividad, con materiales, pasos y variaciones de dificultad.;2026-09-19;19:00:00;false;false;false;false;false;false;true;false;false;false;false;https://www.espaciolenguaje.com/pinterest/pin-cuaderno-3-6-2.png?v=2;;;;;;;;;;Rimas y vocabulario de 3–6 años;;;;;;;;;;;false;;;;;;;;;;Actividades de lenguaje 3-6 años;Rimas y vocabulario de 3–6 años;https://www.espaciolenguaje.com/recursos/cuaderno-3-6?utm_source=pinterest&utm_medium=social&utm_campaign=pin-cuaderno-3-6;false;;;;;;;;;;;;;;;;;;;;;;;;;;;;;;;;;;;;;;;;;;;;;;;;
El Pack Completo de logopedia incluye un calendario semanal junto a las fichas, los cuadernos y el kit de soplo. Un espacio para anotar actividades, tiempos y observaciones sobre el trabajo de la semana.;2026-09-20;10:00:00;false;false;false;false;false;false;true;false;false;false;false;https://www.espaciolenguaje.com/pinterest/pin-pack-completo-2.png?v=2;;;;;;;;;;Un calendario para organizar los materiales;;;;;;;;;;;false;;;;;;;;;;Fichas de logopedia para imprimir;Un calendario para organizar los materiales;https://www.espaciolenguaje.com/recursos/pack-completo?utm_source=pinterest&utm_medium=social&utm_campaign=pin-pack-completo;false;;;;;;;;;;;;;;;;;;;;;;;;;;;;;;;;;;;;;;;;;;;;;;;;
¿Quieres ver las fichas antes de comprar un pack? Esta muestra gratuita incluye seis fichas de articulación del fonema R con pictogramas. Accede al artículo y solicita el PDF para imprimir por email.;2026-09-21;19:00:00;false;false;false;false;false;false;true;false;false;false;false;https://www.espaciolenguaje.com/pinterest/pin-fichas-logopedia-gratis-imprimir-3.png?v=2;;;;;;;;;;Seis fichas gratuitas del fonema R;;;;;;;;;;;false;;;;;;;;;;Fichas de logopedia para imprimir;Seis fichas gratuitas del fonema R;https://www.espaciolenguaje.com/blog/fichas-logopedia-gratis-imprimir?utm_source=pinterest&utm_medium=social&utm_campaign=pin-fichas-logopedia-gratis-imprimir;false;;;;;;;;;;;;;;;;;;;;;;;;;;;;;;;;;;;;;;;;;;;;;;;;
La guía de ejercicios para la R fuerte organiza la práctica de la RR por niveles, desde el sonido aislado hasta palabras y frases. Incluye una tabla por edad y un apartado sobre cuándo consultar al logopeda.;2026-09-22;10:00:00;false;false;false;false;false;false;true;false;false;false;false;https://www.espaciolenguaje.com/pinterest/pin-ejercicios-para-la-r-fuerte-1.png?v=2;;;;;;;;;;R fuerte: de palabras a frases;;;;;;;;;;;false;;;;;;;;;;Ejercicios de pronunciación (R, S y más);R fuerte: de palabras a frases;https://www.espaciolenguaje.com/blog/ejercicios-para-la-r-fuerte?utm_source=pinterest&utm_medium=social&utm_campaign=pin-ejercicios-para-la-r-fuerte;false;;;;;;;;;;;;;;;;;;;;;;;;;;;;;;;;;;;;;;;;;;;;;;;;
No suenan igual la R de «pera» y la RR de «perro». El artículo sobre cómo enseñar la R compara ambos sonidos, sus edades orientativas y ejercicios de articulación para entender por dónde empezar.;2026-09-23;19:00:00;false;false;false;false;false;false;true;false;false;false;false;https://www.espaciolenguaje.com/pinterest/pin-como-ensenar-la-r-a-un-nino-1.png?v=2;;;;;;;;;;R suave y RR: las diferencias;;;;;;;;;;;false;;;;;;;;;;Ejercicios de pronunciación (R, S y más);R suave y RR: las diferencias;https://www.espaciolenguaje.com/blog/como-ensenar-la-r-a-un-nino?utm_source=pinterest&utm_medium=social&utm_campaign=pin-como-ensenar-la-r-a-un-nino;false;;;;;;;;;;;;;;;;;;;;;;;;;;;;;;;;;;;;;;;;;;;;;;;;
Si buscas información porque tu hijo no pronuncia la S, aquí tienes una guía sobre sigmatismo: tipos, edades orientativas y qué hacer. La tabla del artículo ayuda a situar el fonema /s/ en su desarrollo.;2026-09-24;10:00:00;false;false;false;false;false;false;true;false;false;false;false;https://www.espaciolenguaje.com/pinterest/pin-mi-hijo-no-pronuncia-la-s-1.png?v=2;;;;;;;;;;¿Tu peque no pronuncia la S?;;;;;;;;;;;false;;;;;;;;;;Ejercicios de pronunciación (R, S y más);¿Tu peque no pronuncia la S?;https://www.espaciolenguaje.com/blog/mi-hijo-no-pronuncia-la-s?utm_source=pinterest&utm_medium=social&utm_campaign=pin-mi-hijo-no-pronuncia-la-s;false;;;;;;;;;;;;;;;;;;;;;;;;;;;;;;;;;;;;;;;;;;;;;;;;
Antes de usar praxias bucofaciales, conviene conocer sus límites. Esta guía de logopedia explica para qué sirven y para qué no, además de reunir propuestas con espejo organizadas por zona.;2026-09-25;19:00:00;false;false;false;false;false;false;true;false;false;false;false;https://www.espaciolenguaje.com/pinterest/pin-praxias-bucofaciales-ninos-1.png?v=2;;;;;;;;;;Praxias: qué trabajan y qué no;;;;;;;;;;;false;;;;;;;;;;Ejercicios de pronunciación (R, S y más);Praxias: qué trabajan y qué no;https://www.espaciolenguaje.com/blog/praxias-bucofaciales-ninos?utm_source=pinterest&utm_medium=social&utm_campaign=pin-praxias-bucofaciales-ninos;false;;;;;;;;;;;;;;;;;;;;;;;;;;;;;;;;;;;;;;;;;;;;;;;;
Ideas de juegos de soplo con materiales caseros: carreras de plumas, pompas de jabón y molinillos. El artículo reúne ocho propuestas con edad mínima, materiales y dificultad en una tabla de consulta.;2026-09-26;10:00:00;false;false;false;false;false;false;true;false;false;false;false;https://www.espaciolenguaje.com/pinterest/pin-ejercicios-de-soplo-para-ninos-1.png?v=2;;;;;;;;;;Soplo: plumas, pompas y molinillos;;;;;;;;;;;false;;;;;;;;;;Ejercicios de pronunciación (R, S y más);Soplo: plumas, pompas y molinillos;https://www.espaciolenguaje.com/blog/ejercicios-de-soplo-para-ninos?utm_source=pinterest&utm_medium=social&utm_campaign=pin-ejercicios-de-soplo-para-ninos;false;;;;;;;;;;;;;;;;;;;;;;;;;;;;;;;;;;;;;;;;;;;;;;;;
¿Qué significa dislalia y qué tipos existen? Esta guía de articulación infantil explica las diferencias con ejemplos de pronunciación, información por edad y orientación sobre cuándo consultar.;2026-09-27;19:00:00;false;false;false;false;false;false;true;false;false;false;false;https://www.espaciolenguaje.com/pinterest/pin-dislalia-infantil-tipos-1.png?v=2;;;;;;;;;;Dislalia infantil, explicada con ejemplos;;;;;;;;;;;false;;;;;;;;;;Ejercicios de pronunciación (R, S y más);Dislalia infantil, explicada con ejemplos;https://www.espaciolenguaje.com/blog/dislalia-infantil-tipos?utm_source=pinterest&utm_medium=social&utm_campaign=pin-dislalia-infantil-tipos;false;;;;;;;;;;;;;;;;;;;;;;;;;;;;;;;;;;;;;;;;;;;;;;;;
Cuando la RR sigue costando, la edad y el resto de dificultades importan. La guía de ejercicios para la R fuerte incluye una tabla orientativa y un apartado específico sobre cuándo acudir a logopedia.;2026-09-28;10:00:00;false;false;false;false;false;false;true;false;false;false;false;https://www.espaciolenguaje.com/pinterest/pin-ejercicios-para-la-r-fuerte-2.png?v=2;;;;;;;;;;R fuerte: ¿cuándo conviene consultar?;;;;;;;;;;;false;;;;;;;;;;Ejercicios de pronunciación (R, S y más);R fuerte: ¿cuándo conviene consultar?;https://www.espaciolenguaje.com/blog/ejercicios-para-la-r-fuerte?utm_source=pinterest&utm_medium=social&utm_campaign=pin-ejercicios-para-la-r-fuerte;false;;;;;;;;;;;;;;;;;;;;;;;;;;;;;;;;;;;;;;;;;;;;;;;;
Rotacismo es el término que encontrarás al buscar dificultades con la R. El artículo distingue R suave y RR fuerte, explica las edades esperadas y presenta ejercicios de articulación paso a paso.;2026-09-29;19:00:00;false;false;false;false;false;false;true;false;false;false;false;https://www.espaciolenguaje.com/pinterest/pin-como-ensenar-la-r-a-un-nino-2.png?v=2;;;;;;;;;;Rotacismo: entender la dificultad con la R;;;;;;;;;;;false;;;;;;;;;;Ejercicios de pronunciación (R, S y más);Rotacismo: entender la dificultad con la R;https://www.espaciolenguaje.com/blog/como-ensenar-la-r-a-un-nino?utm_source=pinterest&utm_medium=social&utm_campaign=pin-como-ensenar-la-r-a-un-nino;false;;;;;;;;;;;;;;;;;;;;;;;;;;;;;;;;;;;;;;;;;;;;;;;;
