"Title","Media URL","Pinterest board","Description","Link","Publish date","Keywords"
"Fichas de logopedia gratis para imprimir","https://www.espaciolenguaje.com/pinterest/pin-fichas-logopedia-gratis-imprimir-1.png?v=2","Fichas de logopedia para imprimir","¿Buscas fichas de logopedia para imprimir? Descarga la muestra gratuita del fonema R con pictogramas y conoce otros materiales de articulación, vocabulario y comprensión para casa o el aula.","https://www.espaciolenguaje.com/blog/fichas-logopedia-gratis-imprimir?utm_source=pinterest&utm_medium=social&utm_campaign=pin-fichas-logopedia-gratis-imprimir","2026-09-17T08:00:00","Fichas de logopedia gratis para imprimir, logopedia infantil, familias"
"Fichas de articulación, fonema por fonema","https://www.espaciolenguaje.com/pinterest/pin-fichas-articulacion-1.png?v=2","Fichas de logopedia para imprimir","Un vistazo por dentro al pack de 30 fichas de articulación. Incluye pictogramas, palabras por posición y silabario: material de logopedia en PDF con instrucciones para el adulto y registro de progreso.","https://www.espaciolenguaje.com/recursos/fichas-articulacion?utm_source=pinterest&utm_medium=social&utm_campaign=pin-fichas-articulacion","2026-09-17T09:00:00","Fichas de articulación, logopedia infantil, material imprimible"
"Cuaderno de lenguaje de 0–3 años","https://www.espaciolenguaje.com/pinterest/pin-cuaderno-0-3-1.png?v=2","Actividades de lenguaje 0-3 años","Para acompañar las primeras etapas del lenguaje: 20 actividades organizadas por edad, con materiales cotidianos e instrucciones paso a paso. Mira el interior del cuaderno de estimulación de 0 a 3 años.","https://www.espaciolenguaje.com/recursos/cuaderno-0-3?utm_source=pinterest&utm_medium=social&utm_campaign=pin-cuaderno-0-3","2026-09-17T11:00:00","Cuaderno de estimulación del lenguaje de 0 a 3 años, logopedia infantil, material imprimible"
"Cuaderno de lenguaje de 3–6 años","https://www.espaciolenguaje.com/pinterest/pin-cuaderno-3-6-1.png?v=2","Actividades de lenguaje 3-6 años","Rimas, vocabulario, historias y comprensión en un mismo cuaderno. Son 20 actividades de lenguaje de 3 a 6 años, repartidas en cinco bloques y con variaciones por dificultad para acompañar la práctica.","https://www.espaciolenguaje.com/recursos/cuaderno-3-6?utm_source=pinterest&utm_medium=social&utm_campaign=pin-cuaderno-3-6","2026-09-17T13:00:00","Cuaderno de logopedia de 3 a 6 años, logopedia infantil, material imprimible"
"Soplo: juegos con materiales caseros","https://www.espaciolenguaje.com/pinterest/pin-kit-soplo-1.png?v=2","Ejercicios de pronunciación (R, S y más)","Pompas, plumas y otros materiales de casa forman parte de este kit de soplo. Reúne 15 ejercicios progresivos y una tabla de seguimiento, con enfoque de control respiratorio y consciencia oral.","https://www.espaciolenguaje.com/recursos/kit-soplo?utm_source=pinterest&utm_medium=social&utm_campaign=pin-kit-soplo","2026-09-17T15:00:00","Kit de ejercicios de soplo con material casero, logopedia infantil, material imprimible"
"Logopedia infantil: mira el pack por dentro","https://www.espaciolenguaje.com/pinterest/pin-pack-completo-1.png?v=2","Fichas de logopedia para imprimir","Fichas de articulación, cuadernos de lenguaje de 0–3 y 3–6 años, kit de soplo y calendario semanal. Mira el material del Pack Completo de logopedia infantil y comprueba qué incluye cada recurso.","https://www.espaciolenguaje.com/recursos/pack-completo?utm_source=pinterest&utm_medium=social&utm_campaign=pin-pack-completo","2026-09-17T17:00:00","Pack completo de logopedia infantil en PDF, logopedia infantil, material imprimible"
"Fichas gratuitas: empieza por la muestra","https://www.espaciolenguaje.com/pinterest/pin-fichas-logopedia-gratis-imprimir-2.png?v=2","Fichas de logopedia para imprimir","Antes de elegir material de logopedia, mira una muestra real. La descarga gratuita reúne seis fichas del fonema R con pictogramas; el artículo también presenta recursos de vocabulario y comprensión.","https://www.espaciolenguaje.com/blog/fichas-logopedia-gratis-imprimir?utm_source=pinterest&utm_medium=social&utm_campaign=pin-fichas-logopedia-gratis-imprimir","2026-09-17T18:30:00","Fichas de logopedia, logopedia infantil, familias"
"Articulación: pictogramas, palabras y sílabas","https://www.espaciolenguaje.com/pinterest/pin-fichas-articulacion-2.png?v=2","Fichas de logopedia para imprimir","Así son las fichas de articulación del pack: pictogramas, palabras organizadas por posición y un silabario de práctica. Un PDF de logopedia con guía para adultos y espacio para registrar el progreso.","https://www.espaciolenguaje.com/recursos/fichas-articulacion?utm_source=pinterest&utm_medium=social&utm_campaign=pin-fichas-articulacion","2026-09-17T19:30:00","Fichas de articulación con silabario y registro de progreso, logopedia infantil, material imprimible"
"Primeras palabras, materiales de cada día","https://www.espaciolenguaje.com/pinterest/pin-cuaderno-0-3-2.png?v=2","Actividades de lenguaje 0-3 años","No necesitas un armario lleno de materiales para usar este cuaderno de estimulación. Sus actividades de lenguaje de 0 a 3 años indican qué preparar, cómo acompañar el juego y cuánto dura cada propuesta.","https://www.espaciolenguaje.com/recursos/cuaderno-0-3?utm_source=pinterest&utm_medium=social&utm_campaign=pin-cuaderno-0-3","2026-09-18T08:00:00","Cuaderno de estimulación 0–3, logopedia infantil, material imprimible"
"Rimas y vocabulario de 3–6 años","https://www.espaciolenguaje.com/pinterest/pin-cuaderno-3-6-2.png?v=2","Actividades de lenguaje 3-6 años","El cuaderno de lenguaje de 3 a 6 años dedica un bloque a la conciencia fonológica y otro al vocabulario. Aquí puedes ver sus páginas de actividad, con materiales, pasos y variaciones de dificultad.","https://www.espaciolenguaje.com/recursos/cuaderno-3-6?utm_source=pinterest&utm_medium=social&utm_campaign=pin-cuaderno-3-6","2026-09-19T17:00:00","Cuaderno 3–6, logopedia infantil, material imprimible"
"Un calendario para organizar los materiales","https://www.espaciolenguaje.com/pinterest/pin-pack-completo-2.png?v=2","Fichas de logopedia para imprimir","El Pack Completo de logopedia incluye un calendario semanal junto a las fichas, los cuadernos y el kit de soplo. Un espacio para anotar actividades, tiempos y observaciones sobre el trabajo de la semana.","https://www.espaciolenguaje.com/recursos/pack-completo?utm_source=pinterest&utm_medium=social&utm_campaign=pin-pack-completo","2026-09-20T08:00:00","Pack completo, logopedia infantil, material imprimible"
"Seis fichas gratuitas del fonema R","https://www.espaciolenguaje.com/pinterest/pin-fichas-logopedia-gratis-imprimir-3.png?v=2","Fichas de logopedia para imprimir","¿Quieres ver las fichas antes de comprar un pack? Esta muestra gratuita incluye seis fichas de articulación del fonema R con pictogramas. Accede al artículo y solicita el PDF para imprimir por email.","https://www.espaciolenguaje.com/blog/fichas-logopedia-gratis-imprimir?utm_source=pinterest&utm_medium=social&utm_campaign=pin-fichas-logopedia-gratis-imprimir","2026-09-21T17:00:00","Fichas de logopedia, logopedia infantil, familias"
"R fuerte: de palabras a frases","https://www.espaciolenguaje.com/pinterest/pin-ejercicios-para-la-r-fuerte-1.png?v=2","Ejercicios de pronunciación (R, S y más)","La guía de ejercicios para la R fuerte organiza la práctica de la RR por niveles, desde el sonido aislado hasta palabras y frases. Incluye una tabla por edad y un apartado sobre cuándo consultar al logopeda.","https://www.espaciolenguaje.com/blog/ejercicios-para-la-r-fuerte?utm_source=pinterest&utm_medium=social&utm_campaign=pin-ejercicios-para-la-r-fuerte","2026-09-22T08:00:00","Ejercicios para la R fuerte, logopedia infantil, familias"
"R suave y RR: las diferencias","https://www.espaciolenguaje.com/pinterest/pin-como-ensenar-la-r-a-un-nino-1.png?v=2","Ejercicios de pronunciación (R, S y más)","No suenan igual la R de «pera» y la RR de «perro». El artículo sobre cómo enseñar la R compara ambos sonidos, sus edades orientativas y ejercicios de articulación para entender por dónde empezar.","https://www.espaciolenguaje.com/blog/como-ensenar-la-r-a-un-nino?utm_source=pinterest&utm_medium=social&utm_campaign=pin-como-ensenar-la-r-a-un-nino","2026-09-23T17:00:00","Cómo enseñar la R, logopedia infantil, familias"
"¿Tu peque no pronuncia la S?","https://www.espaciolenguaje.com/pinterest/pin-mi-hijo-no-pronuncia-la-s-1.png?v=2","Ejercicios de pronunciación (R, S y más)","Si buscas información porque tu hijo no pronuncia la S, aquí tienes una guía sobre sigmatismo: tipos, edades orientativas y qué hacer. La tabla del artículo ayuda a situar el fonema /s/ en su desarrollo.","https://www.espaciolenguaje.com/blog/mi-hijo-no-pronuncia-la-s?utm_source=pinterest&utm_medium=social&utm_campaign=pin-mi-hijo-no-pronuncia-la-s","2026-09-24T08:00:00","Mi hijo no pronuncia la S, logopedia infantil, familias"
"Praxias: qué trabajan y qué no","https://www.espaciolenguaje.com/pinterest/pin-praxias-bucofaciales-ninos-1.png?v=2","Ejercicios de pronunciación (R, S y más)","Antes de usar praxias bucofaciales, conviene conocer sus límites. Esta guía de logopedia explica para qué sirven y para qué no, además de reunir propuestas con espejo organizadas por zona.","https://www.espaciolenguaje.com/blog/praxias-bucofaciales-ninos?utm_source=pinterest&utm_medium=social&utm_campaign=pin-praxias-bucofaciales-ninos","2026-09-25T17:00:00","Praxias bucofaciales, logopedia infantil, familias"
"Soplo: plumas, pompas y molinillos","https://www.espaciolenguaje.com/pinterest/pin-ejercicios-de-soplo-para-ninos-1.png?v=2","Ejercicios de pronunciación (R, S y más)","Ideas de juegos de soplo con materiales caseros: carreras de plumas, pompas de jabón y molinillos. El artículo reúne ocho propuestas con edad mínima, materiales y dificultad en una tabla de consulta.","https://www.espaciolenguaje.com/blog/ejercicios-de-soplo-para-ninos?utm_source=pinterest&utm_medium=social&utm_campaign=pin-ejercicios-de-soplo-para-ninos","2026-09-26T08:00:00","Ejercicios de soplo, logopedia infantil, familias"
"Dislalia infantil, explicada con ejemplos","https://www.espaciolenguaje.com/pinterest/pin-dislalia-infantil-tipos-1.png?v=2","Ejercicios de pronunciación (R, S y más)","¿Qué significa dislalia y qué tipos existen? Esta guía de articulación infantil explica las diferencias con ejemplos de pronunciación, información por edad y orientación sobre cuándo consultar.","https://www.espaciolenguaje.com/blog/dislalia-infantil-tipos?utm_source=pinterest&utm_medium=social&utm_campaign=pin-dislalia-infantil-tipos","2026-09-27T17:00:00","Dislalia infantil, logopedia infantil, familias"
"R fuerte: ¿cuándo conviene consultar?","https://www.espaciolenguaje.com/pinterest/pin-ejercicios-para-la-r-fuerte-2.png?v=2","Ejercicios de pronunciación (R, S y más)","Cuando la RR sigue costando, la edad y el resto de dificultades importan. La guía de ejercicios para la R fuerte incluye una tabla orientativa y un apartado específico sobre cuándo acudir a logopedia.","https://www.espaciolenguaje.com/blog/ejercicios-para-la-r-fuerte?utm_source=pinterest&utm_medium=social&utm_campaign=pin-ejercicios-para-la-r-fuerte","2026-09-28T08:00:00","Ejercicios para la R fuerte, logopedia infantil, familias"
"Rotacismo: entender la dificultad con la R","https://www.espaciolenguaje.com/pinterest/pin-como-ensenar-la-r-a-un-nino-2.png?v=2","Ejercicios de pronunciación (R, S y más)","Rotacismo es el término que encontrarás al buscar dificultades con la R. El artículo distingue R suave y RR fuerte, explica las edades esperadas y presenta ejercicios de articulación paso a paso.","https://www.espaciolenguaje.com/blog/como-ensenar-la-r-a-un-nino?utm_source=pinterest&utm_medium=social&utm_campaign=pin-como-ensenar-la-r-a-un-nino","2026-09-29T17:00:00","Cómo enseñar la R, logopedia infantil, familias"
"Praxias con espejo: conoce sus límites","https://www.espaciolenguaje.com/pinterest/pin-praxias-bucofaciales-ninos-2.png?v=2","Ejercicios de pronunciación (R, S y más)","Las praxias bucofaciales no deben confundirse con una solución para cualquier dificultad de pronunciación. Lee sus usos y límites en esta guía, con una tabla de ejercicios y materiales para trabajar con espejo.","https://www.espaciolenguaje.com/blog/praxias-bucofaciales-ninos?utm_source=pinterest&utm_medium=social&utm_campaign=pin-praxias-bucofaciales-ninos","2026-10-01T08:00:00","Praxias bucofaciales con espejo, logopedia infantil, familias"
"Soplo: juego compartido y seguimiento","https://www.espaciolenguaje.com/pinterest/pin-kit-soplo-2.png?v=2","Ejercicios de pronunciación (R, S y más)","Este kit propone juegos de soplo con material casero y una tabla para anotar la práctica. Su enfoque es el control respiratorio y la consciencia oral, no la mejora articulatoria. Puedes ver sus páginas reales.","https://www.espaciolenguaje.com/recursos/kit-soplo?utm_source=pinterest&utm_medium=social&utm_campaign=pin-kit-soplo","2026-10-02T17:00:00","Kit de soplo, logopedia infantil, material imprimible"
"Lenguaje a los 2 años: juegos cotidianos","https://www.espaciolenguaje.com/pinterest/pin-actividades-ninos-2-anos-lenguaje-1.png?v=2","Actividades de lenguaje 0-3 años","El cesto de los tesoros, los libros con imágenes y el paseo para nombrar objetos son algunas de las actividades de lenguaje para niños de 2 años. La guía reúne doce juegos y explica qué trabaja cada uno.","https://www.espaciolenguaje.com/blog/actividades-ninos-2-anos-lenguaje?utm_source=pinterest&utm_medium=social&utm_campaign=pin-actividades-ninos-2-anos-lenguaje","2026-10-05T08:00:00","Actividades de lenguaje para niños de 2 años, logopedia infantil, familias"
"Lenguaje de 0–6 años, etapa a etapa","https://www.espaciolenguaje.com/pinterest/pin-etapas-desarrollo-del-lenguaje-1.png?v=2","Actividades de lenguaje 0-3 años","De las primeras vocalizaciones a las conversaciones: esta guía recorre las etapas del desarrollo del lenguaje de 0 a 6 años. Incluye una tabla que separa comprensión y expresión para consultar por edad.","https://www.espaciolenguaje.com/blog/etapas-desarrollo-del-lenguaje?utm_source=pinterest&utm_medium=social&utm_campaign=pin-etapas-desarrollo-del-lenguaje","2026-10-06T17:00:00","Etapas del desarrollo del lenguaje de 0 a 6 años, logopedia infantil, familias"
"¿A qué edad empieza a hablar?","https://www.espaciolenguaje.com/pinterest/pin-a-que-edad-debe-hablar-un-nino-1.png?v=2","Actividades de lenguaje 0-3 años","Hablar y comunicarse no son exactamente lo mismo. El artículo recorre los hitos del lenguaje por edad, desde los primeros meses hasta los 6 años, con una tabla de comprensión y expresión para familias.","https://www.espaciolenguaje.com/blog/a-que-edad-debe-hablar-un-nino?utm_source=pinterest&utm_medium=social&utm_campaign=pin-a-que-edad-debe-hablar-un-nino","2026-10-07T08:00:00","¿A qué edad debe hablar un niño?, logopedia infantil, familias"
"Estimular el lenguaje en casa","https://www.espaciolenguaje.com/pinterest/pin-estimulacion-del-lenguaje-en-casa-1.png?v=2","Actividades de lenguaje 0-3 años","La estimulación del lenguaje también tiene lugar en las rutinas de cada día. Esta guía propone actividades para casa de 0 a 6 años, organizadas por etapas y acompañadas de ejemplos de juego compartido.","https://www.espaciolenguaje.com/blog/estimulacion-del-lenguaje-en-casa?utm_source=pinterest&utm_medium=social&utm_campaign=pin-estimulacion-del-lenguaje-en-casa","2026-10-08T17:00:00","Estimulación del lenguaje en casa, logopedia infantil, familias"
"Tres juegos de lenguaje a los 2","https://www.espaciolenguaje.com/pinterest/pin-actividades-ninos-2-anos-lenguaje-2.png?v=2","Actividades de lenguaje 0-3 años","Objetos cotidianos, libros y paseos pueden formar parte del juego. Estas actividades de lenguaje para niños de 2 años aparecen en una guía de doce propuestas para vocabulario, expresión y comprensión.","https://www.espaciolenguaje.com/blog/actividades-ninos-2-anos-lenguaje?utm_source=pinterest&utm_medium=social&utm_campaign=pin-actividades-ninos-2-anos-lenguaje","2026-10-09T08:00:00","Actividades de lenguaje, logopedia infantil, familias"
"Lenguaje a los 3 años: qué esperar","https://www.espaciolenguaje.com/pinterest/pin-mi-hijo-de-3-anos-no-habla-bien-1.png?v=2","Actividades de lenguaje 3-6 años","¿Tu hijo de 3 años no habla bien? La guía diferencia varias situaciones y recoge hitos de lenguaje y señales de alerta en una tabla. Información para comprender la duda y saber cuándo pedir orientación.","https://www.espaciolenguaje.com/blog/mi-hijo-de-3-anos-no-habla-bien?utm_source=pinterest&utm_medium=social&utm_campaign=pin-mi-hijo-de-3-anos-no-habla-bien","2026-10-12T17:00:00","Mi hijo de 3 años no habla bien, logopedia infantil, familias"
"Conciencia fonológica: sonidos, sílabas y palabras","https://www.espaciolenguaje.com/pinterest/pin-conciencia-fonologica-actividades-1.png?v=2","Actividades de lenguaje 3-6 años","La conciencia fonológica tiene distintos niveles. El artículo explica la progresión silábica, intrasilábica y fonémica, con actividades para casa y edades orientativas para situar cada propuesta.","https://www.espaciolenguaje.com/blog/conciencia-fonologica-actividades?utm_source=pinterest&utm_medium=social&utm_campaign=pin-conciencia-fonologica-actividades","2026-10-13T08:00:00","Conciencia fonológica, logopedia infantil, familias"
"Juegos para hablar, contar y escuchar","https://www.espaciolenguaje.com/pinterest/pin-juegos-para-estimular-el-habla-1.png?v=2","Actividades de lenguaje 3-6 años","Veo veo, cocineros y canciones con gestos forman parte de esta selección de juegos para estimular el habla. Son diez propuestas para casa, con explicaciones que ayudan al adulto a participar en el juego.","https://www.espaciolenguaje.com/blog/juegos-para-estimular-el-habla?utm_source=pinterest&utm_medium=social&utm_campaign=pin-juegos-para-estimular-el-habla","2026-10-14T17:00:00","Juegos para estimular el habla en casa, logopedia infantil, familias"
"Dislexia: señales que merece la pena conocer","https://www.espaciolenguaje.com/pinterest/pin-dislexia-en-ninos-como-detectarla-1.png?v=2","Dislexia y tartamudez: guía para familias","Si buscas cómo detectar la dislexia en niños, empieza por información clara sobre sus señales y sus mitos. El artículo organiza la orientación por edad y explica cuándo acudir a una valoración profesional.","https://www.espaciolenguaje.com/blog/dislexia-en-ninos-como-detectarla?utm_source=pinterest&utm_medium=social&utm_campaign=pin-dislexia-en-ninos-como-detectarla","2026-10-15T08:00:00","Dislexia en niños, logopedia infantil, familias"
"Dislexia: apoyo en casa y en clase","https://www.espaciolenguaje.com/pinterest/pin-guia-dislexia-1.png?v=2","Dislexia y tartamudez: guía para familias","La guía de dislexia en edad escolar reúne un checklist por etapas, ejercicios para casa y adaptaciones escolares. Mira sus páginas antes de elegir un recurso para acompañar a tu hijo y hablar con el tutor.","https://www.espaciolenguaje.com/recursos/guia-dislexia?utm_source=pinterest&utm_medium=social&utm_campaign=pin-guia-dislexia","2026-10-16T17:00:00","Guía de dislexia, logopedia infantil, material imprimible"
"Tartamudez: dudas frecuentes de las familias","https://www.espaciolenguaje.com/pinterest/pin-tartamudez-infantil-cuando-preocuparse-1.png?v=2","Dislexia y tartamudez: guía para familias","Las repeticiones al hablar pueden generar dudas. El artículo sobre tartamudez infantil explica las disfluencias evolutivas, qué señales requieren atención y cuándo consultar, con pautas para las familias.","https://www.espaciolenguaje.com/blog/tartamudez-infantil-cuando-preocuparse?utm_source=pinterest&utm_medium=social&utm_campaign=pin-tartamudez-infantil-cuando-preocuparse","2026-10-19T08:00:00","Tartamudez infantil, logopedia infantil, familias"
"Tartamudez: una guía para acompañar","https://www.espaciolenguaje.com/pinterest/pin-guia-tartamudez-1.png?v=2","Dislexia y tartamudez: guía para familias","La guía de tartamudez infantil incluye pautas para familias, actividades compartidas y una sección para profesores. Puedes ver el interior y conocer su contenido sobre fluidez y cuándo consultar.","https://www.espaciolenguaje.com/recursos/guia-tartamudez?utm_source=pinterest&utm_medium=social&utm_campaign=pin-guia-tartamudez","2026-10-20T17:00:00","Guía de tartamudez infantil para familias y profesores, logopedia infantil, material imprimible"
"Dislexia: más allá de los mitos","https://www.espaciolenguaje.com/pinterest/pin-dislexia-en-ninos-como-detectarla-2.png?v=2","Dislexia y tartamudez: guía para familias","La dislexia no se entiende solo mirando si se invierten letras. Esta guía para familias revisa mitos frecuentes, explica qué es y recoge señales según la edad para orientar una consulta profesional.","https://www.espaciolenguaje.com/blog/dislexia-en-ninos-como-detectarla?utm_source=pinterest&utm_medium=social&utm_campaign=pin-dislexia-en-ninos-como-detectarla","2026-10-21T08:00:00","Dislexia en niños, logopedia infantil, familias"
"Tartamudez: cuándo pedir orientación","https://www.espaciolenguaje.com/pinterest/pin-guia-tartamudez-2.png?v=2","Dislexia y tartamudez: guía para familias","¿Necesitas información sobre tartamudez infantil para acompañar en casa? La guía reúne explicaciones, pautas familiares y un apartado de cuándo consultar. Mira el material y valora si responde a tus dudas.","https://www.espaciolenguaje.com/recursos/guia-tartamudez?utm_source=pinterest&utm_medium=social&utm_campaign=pin-guia-tartamudez","2026-10-22T17:00:00","Tartamudez infantil, logopedia infantil, material imprimible"
"Fichas de logopedia para tu consulta","https://www.espaciolenguaje.com/pinterest/pin-fichas-logopedia-gratis-imprimir-4.png?v=2","Material para logopedas y maestros","Para profesionales de logopedia o fonoaudiología que buscan material imprimible: el artículo reúne tipos de fichas y fuentes de descarga. Incluye una muestra gratuita de articulación del fonema R.","https://www.espaciolenguaje.com/blog/fichas-logopedia-gratis-imprimir?utm_source=pinterest&utm_medium=social&utm_campaign=pin-fichas-logopedia-gratis-imprimir","2026-10-23T08:00:00","Fichas de logopedia para profesionales, logopedia infantil, familias"
"Material imprimible de conciencia fonológica","https://www.espaciolenguaje.com/pinterest/pin-fichas-logopedia-gratis-imprimir-5.png?v=2","Material para logopedas y maestros","Si preparas actividades de conciencia fonológica, este artículo de fichas de logopedia te ayuda a localizar materiales. También encontrarás recursos de articulación y comprensión, junto a una muestra gratuita.","https://www.espaciolenguaje.com/blog/fichas-logopedia-gratis-imprimir?utm_source=pinterest&utm_medium=social&utm_campaign=pin-fichas-logopedia-gratis-imprimir","2026-10-26T18:00:00","Fichas de logopedia, logopedia infantil, familias"
"Fichas de lenguaje para el aula","https://www.espaciolenguaje.com/pinterest/pin-fichas-logopedia-gratis-imprimir-6.png?v=2","Material para logopedas y maestros","Articulación, vocabulario y comprensión son algunas de las áreas que reúne esta selección de fichas de logopedia. Material imprimible para explorar desde el aula, con enlaces a recursos y una muestra del fonema R.","https://www.espaciolenguaje.com/blog/fichas-logopedia-gratis-imprimir?utm_source=pinterest&utm_medium=social&utm_campaign=pin-fichas-logopedia-gratis-imprimir","2026-10-27T09:00:00","Fichas de logopedia para maestros, logopedia infantil, familias"
"Logopedia: materiales para elegir con criterio","https://www.espaciolenguaje.com/pinterest/pin-fichas-logopedia-gratis-imprimir-7.png?v=2","Material para logopedas y maestros","Una selección de fichas para profesionales de logopedia y fonoaudiología, organizada por áreas de trabajo. Revisa qué ofrece cada tipo de material y accede a la muestra gratuita de articulación para imprimir.","https://www.espaciolenguaje.com/blog/fichas-logopedia-gratis-imprimir?utm_source=pinterest&utm_medium=social&utm_campaign=pin-fichas-logopedia-gratis-imprimir","2026-10-28T18:00:00","Fichas de logopedia, logopedia infantil, familias"
